{
	"timeConf.tzAreaAfrica":"Africa",
	"timeConf.tzAreaAmerica":"America",
	"timeConf.tzAreaAntarctica":"Antarctica",
	"timeConf.tzAreaArctic":"Arctic",
	"timeConf.tzAreaAsia":"Asia",
	"timeConf.tzAreaAtlantic":"Atlantic",
	"timeConf.tzAreaAustralia":"Australia",
	"timeConf.tzAreaEurope":"Europe",
	"timeConf.tzAreaIndian":"Indian",
	"timeConf.tzAreaPacific":"Pacific",
	"timeConf.tzAreaGMT":"GMT standard",

	"timeConf.tzAbidjan":"GMT / Abidjan / Greenwich Mean Time",
	"timeConf.tzAccra":"GMT / Accra / Greenwich Mean Time",
	"timeConf.tzBamako":"GMT / Bamako / Greenwich Mean Time",
	"timeConf.tzBanjul":"GMT / Banjul / Greenwich Mean Time",
	"timeConf.tzBissau":"GMT / Bissau / Greenwich Mean Time",
	"timeConf.tzConakry":"GMT / Conakry / Greenwich Mean Time",
	"timeConf.tzDakar":"GMT / Dakar / Greenwich Mean Time",
	"timeConf.tzFreetown":"GMT / Freetown / Greenwich Mean Time",
	"timeConf.tzLome":"GMT / Lome / Greenwich Mean Time",
	"timeConf.tzMonrovia":"GMT / Monrovia / Greenwich Mean Time",
	"timeConf.tzNouakchott":"GMT / Nouakchott / Greenwich Mean Time",
	"timeConf.tzOuagadougou":"GMT / Ouagadougou / Greenwich Mean Time",
	"timeConf.tzSao_Tome":"GMT / Sao_Tome / Greenwich Mean Time",
	"timeConf.tzCasablanca":"WET / Casablanca / Western European time",
	"timeConf.tzEl_Aaiun":"WET / El_Aaiun / Western European time",
	"timeConf.tzAlgiers":"CET / Algiers / Central European Time",
	"timeConf.tzCeuta":"CET / Ceuta / Central European Time",
	"timeConf.tzCeutaSummer":"CEST / Ceuta / Central European Summer Time",
	"timeConf.tzTunis":"CET / Tunis / Central European Time",
	"timeConf.tzBangui":"WAT / Bangui / West africa time",
	"timeConf.tzBrazzaville":"WAT / Brazzaville / West africa time",
	"timeConf.tzDouala":"WAT / Douala / West africa time",
	"timeConf.tzKinshasa":"WAT / Kinshasa / West africa time",
	"timeConf.tzLagos":"WAT / Lagos / West africa time",
	"timeConf.tzLibreville":"WAT / Libreville / West africa time",
	"timeConf.tzLuanda":"WAT / Luanda / West africa time",
	"timeConf.tzMalabo":"WAT / Malabo / West africa time",
	"timeConf.tzNdjamena":"WAT / Ndjamena / West africa time",
	"timeConf.tzNiamey":"WAT / Niamey / West africa time",
	"timeConf.tzPorto_Novo":"WAT / Porto-Novo / West africa time",
	"timeConf.tzWindhoek":"WAT / Windhoek / West africa time",
	"timeConf.tzWindhoekSummer":"WAST / Windhoek / West Africa Daylight Time",
	"timeConf.tzBlantyre":"CAT / Blantyre / Central african time",
	"timeConf.tzBujumbura":"CAT / Bujumbura / Central african time",
	"timeConf.tzGaborone":"CAT / Gaborone / Central african time",
	"timeConf.tzHarare":"CAT / Harare / Central african time",
	"timeConf.tzKigali":"CAT / Kigali / Central african time",
	"timeConf.tzLubumbashi":"CAT / Lubumbashi / Central african time",
	"timeConf.tzLusaka":"CAT / Lusaka / Central african time",
	"timeConf.tzMaputo":"CAT / Maputo / Central african time",
	"timeConf.tzCairo":"EET / Cairo / Eastern European time",
	"timeConf.tzTripoli":"EET / Tripoli / Eastern European time",
	"timeConf.tzJohannesburg":"SAST / Johannesburg / South Africa Standard Time",
	"timeConf.tzMaseru":"SAST / Maseru / South Africa Standard Time",
	"timeConf.tzMbabane":"SAST / Mbabane / South Africa Standard Time",
	"timeConf.tzAddis_Ababa":"EAT / Addis_Ababa / east africa time",
	"timeConf.tzAsmera":"EAT / Asmera / east africa time",
	"timeConf.tzDar_es_Salaam":"EAT / Dar_es_Salaam / east africa time",
	"timeConf.tzDjibouti":"EAT / Djibouti / east africa time",
	"timeConf.tzKampala":"EAT / Kampala / east africa time",
	"timeConf.tzKhartoum":"EAT / Khartoum / east africa time",
	"timeConf.tzMogadishu":"EAT / Mogadishu / east africa time",
	"timeConf.tzNairobi":"EAT / Nairobi / east africa time",

	"timeConf.tzAdak":"HST / Adak / Hawaii Aleutian Standard Time",
	"timeConf.tzAnchorage":"AKST / Anchorage / Alaska Standard Time",
	"timeConf.tzAnchorageSummer":"AKDT / Anchorage / Alaska Daylight Saving Time",
	"timeConf.tzJuneau":"AKST / Juneau / Alaska Standard Time",
	"timeConf.tzJuneauSummer":"AKDT / Juneau / Alaska Daylight Saving Time",
	"timeConf.tzNome":"AKST / Nome / Alaska Standard Time",
	"timeConf.tzNomeSummer":"AKDT / Nome / Alaska Daylight Saving Time",
	"timeConf.tzYakutat":"AKST / Yakutat / Alaska Standard Time",
	"timeConf.tzYakutatSummer":"AKDT / Yakutat / Alaska Daylight Saving Time",
	"timeConf.tzDawson":"PST / Dawson / Pacific Standard Time",
	"timeConf.tzDawsonSummer":"PDT / Dawson / Pacific Daylight Time",
	"timeConf.tzLos_Angeles":"PST / Los_Angeles / Pacific Standard Time",
	"timeConf.tzLos_AngelesSummer":"PDT / Los_Angeles / Pacific Daylight Time",
	"timeConf.tzTijuana":"PST / Tijuana / Pacific Standard Time",
	"timeConf.tzTijuanaSummer":"PDT / Tijuana / Pacific Daylight Time",
	"timeConf.tzVancouver":"PST / Vancouver / Pacific Standard Time",
	"timeConf.tzVancouverSummer":"PDT / Vancouver / Pacific Daylight Time",
	"timeConf.tzWhitehorse":"PST / Whitehorse / Pacific Standard Time",
	"timeConf.tzWhitehorseSummer":"PDT / Whitehorse / Pacific Daylight Time",
	"timeConf.tzBoise":"MST / Boise / Mountain Standard Time",
	"timeConf.tzBoiseSummer":"MDT / Boise / Mountain Daylight Saving Time",
	"timeConf.tzChihuahua":"MST / Chihuahua / Mountain Standard Time",
	"timeConf.tzChihuahuaSummer":"MDT / Chihuahua / Mountain Daylight Saving Time",
	"timeConf.tzDawson_Creek":"MST / Dawson_Creek / Mountain Standard Time",
	"timeConf.tzDenver":"MST / Denver / Mountain Standard Time",
	"timeConf.tzDenverSummer":"MDT / Denver / Mountain Daylight Saving Time",
	"timeConf.tzEdmonton":"MST / Edmonton / Mountain Standard Time",
	"timeConf.tzEdmontonSummer":"MDT / Edmonton / Mountain Daylight Saving Time",
	"timeConf.tzHermosillo":"MST / Hermosillo / Mountain Standard Time",
	"timeConf.tzInuvik":"MST / Inuvik / Mountain Standard Time",
	"timeConf.tzInuvikSummer":"MDT / Inuvik / Mountain Daylight Saving Time",
	"timeConf.tzMazatlan":"MST / Mazatlan / Mountain Standard Time",
	"timeConf.tzMazatlanSummer":"MDT / Mazatlan / Mountain Daylight Saving Time",
	"timeConf.tzPhoenix":"MST / Phoenix / Mountain Standard Time",
	"timeConf.tzShiprock":"MST / Shiprock / Mountain Standard Time",
	"timeConf.tzShiprockSummer":"MDT / Shiprock / Mountain Daylight Saving Time",
	"timeConf.tzYellowknife":"MST / Yellowknife / Mountain Standard Time",
	"timeConf.tzYellowknifeSummer":"MDT / Yellowknife / Mountain Daylight Saving Time",
	"timeConf.tzBelize":"CST / Belize / Central Standard Time",
	"timeConf.tzCancun":"CST / Cancun / Central Standard Time",
	"timeConf.tzCancunSummer":"CDT / Cancun / Central Daylight Time",
	"timeConf.tzChicago":"CST / Chicago / Central Standard Time",
	"timeConf.tzChicagoSummer":"CDT / Chicago / Central Daylight Time",
	"timeConf.tzCosta_Rica":"CST / Costa_Rica / Central Standard Time",
	"timeConf.tzEl_Salvador":"CST / El_Salvador / Central Standard Time",
	"timeConf.tzGuatemala":"CST / Guatemala / Central Standard Time",
	"timeConf.tzIndiana_Knox":"CST / Indiana/Knox / Central Standard Time",
	"timeConf.tzIndiana_KnoxSummer":"CDT / Indiana/Knox / Central Daylight Time",
	"timeConf.tzManagua":"CST / Managua / Central Standard Time",
	"timeConf.tzMenominee":"CST / Menominee / Central Standard Time",
	"timeConf.tzMenomineeSummer":"CDT / Menominee / Central Daylight Time",
	"timeConf.tzMerida":"CST / Merida / Central Standard Time",
	"timeConf.tzMeridaSummer":"CDT / Merida / Central Daylight Time",
	"timeConf.tzMexico_City":"CST / Mexico_City / Central Standard Time",
	"timeConf.tzMexico_CitySummer":"CDT / Mexico_City / Central Daylight Time",
	"timeConf.tzMonterrey":"CST / Monterrey / Central Standard Time",
	"timeConf.tzMonterreySummer":"CDT / Monterrey / Central Daylight Time",
	"timeConf.tzRainy_River":"CST / Rainy_River / Central Standard Time",
	"timeConf.tzRainy_RiverSummer":"CDT / Rainy_River / Central Daylight Time",
	"timeConf.tzRankin_Inlet":"CST / Rankin_Inlet / Central Standard Time",
	"timeConf.tzRankin_InletSummer":"CDT / Rankin_Inlet / Central Daylight Time",
	"timeConf.tzRegina":"CST / Regina / Central Standard Time",
	"timeConf.tzTegucigalpa":"CST / Tegucigalpa / Central Standard Time",
	"timeConf.tzWinnipeg":"CST / Winnipeg / Central Standard Time",
	"timeConf.tzWinnipegSummer":"CDT / Winnipeg / Central Daylight Time",
	"timeConf.tzBogota":"COT / Bogota / Columbia Time",
	"timeConf.tzHavana":"CST / Havana / Cuba Standard Time",
	"timeConf.tzHavanaSummer":"CDT / Havana / Cuba Daylight Saving Time",
	"timeConf.tzGuayaquil":"ECT / Guayaquil / Ecuador Time",
	"timeConf.tzCayman":"EST / Cayman / Eastern Standard Time",
	"timeConf.tzDetroit":"EST / Detroit / Eastern Standard Time",
	"timeConf.tzDetroitSummer":"EDT / Detroit / Eastern Daylight Time",
	"timeConf.tzGrand_Turk":"EST / Grand_Turk / Eastern Standard Time",
	"timeConf.tzGrand_TurkSummer":"EDT / Grand_Turk / Eastern Daylight Time",
	"timeConf.tzIndianapolis":"EST / Indianapolis / Eastern Standard Time",
	"timeConf.tzIndianapolisSummer":"EDT / Indianapolis / Eastern Daylight Time",
	"timeConf.tzIqaluit":"EST / Iqaluit / Eastern Standard Time",
	"timeConf.tzIqaluitSummer":"EDT / Iqaluit / Eastern Daylight Time",
	"timeConf.tzJamaica":"EST / Jamaica / Eastern Standard Time",
	"timeConf.tzLouisville":"EST / Louisville / Eastern Standard Time",
	"timeConf.tzLouisvilleSummer":"EDT / Louisville / Eastern Daylight Time",
	"timeConf.tzMontreal":"EST / Montreal / Eastern Standard Time",
	"timeConf.tzMontrealSummer":"EDT / Montreal / Eastern Daylight Time",
	"timeConf.tzNassau":"EST / Nassau / Eastern Standard Time",
	"timeConf.tzNassauSummer":"EDT / Nassau / Eastern Daylight Time",
	"timeConf.tzNew_York":"EST / New_York / Eastern Standard Time",
	"timeConf.tzNew_YorkSummer":"EDT / New_York / Eastern Daylight Time",
	"timeConf.tzNipigon":"EST / Nipigon / Eastern Standard Time",
	"timeConf.tzNipigonSummer":"EDT / Nipigon / Eastern Daylight Time",
	"timeConf.tzPanama":"EST / Panama / Eastern Standard Time",
	"timeConf.tzPangnirtung":"EST / Pangnirtung / Eastern Standard Time",
	"timeConf.tzPangnirtungSummer":"EDT / Pangnirtung / Eastern Daylight Time",
	"timeConf.tzResolute":"EST / Resolute / Eastern Standard Time",
	"timeConf.tzThunder_Bay":"EST / Thunder_Bay / Eastern Standard Time",
	"timeConf.tzThunder_BaySummer":"EDT / Thunder_Bay / Eastern Daylight Time",
	"timeConf.tzToronto":"EST / Toronto / Eastern Standard Time",
	"timeConf.tzTorontoSummer":"EDT / Toronto / Eastern Daylight Time",
	"timeConf.tzLima":"PET / Lima / Peru time",
	"timeConf.tzCaracas":"VET / Caracas / Venezuela time",
	"timeConf.tzBoa_Vista":"AMT / Boa_Vista / Amazon Time",
	"timeConf.tzCampo_Grande":"AMT / Campo_Grande / Amazon Time",
	"timeConf.tzCampo_GrandeSummer":"AMST / Campo_Grande / Amazon Daylight Saving Time",
	"timeConf.tzCuiaba":"AMT / Cuiaba / Amazon Time",
	"timeConf.tzCuiabaSummer":"AMST / Cuiaba / Amazon Daylight Saving Time",
	"timeConf.tzEirunepe":"AMT / Eirunepe / Amazon Time",
	"timeConf.tzManaus":"AMT / Manaus / Amazon Time",
	"timeConf.tzPorto_Velho":"AMT / Porto_Velho / Amazon Time",
	"timeConf.tzRio_Branco":"AMT / Rio_Branco / Amazon Time",
	"timeConf.tzAnguilla":"AST / Anguilla / Atlantic Standard Time",
	"timeConf.tzAntigua":"AST / Antigua / Atlantic Standard Time",
	"timeConf.tzAruba":"AST / Aruba / Atlantic Standard Time",
	"timeConf.tzBarbados":"AST / Barbados / Atlantic Standard Time",
	"timeConf.tzBlanc_Sablon":"AST / Blanc-Sablon / Atlantic Standard Time",
	"timeConf.tzCuracao":"AST / Curacao / Atlantic Standard Time",
	"timeConf.tzDominica":"AST / Dominica / Atlantic Standard Time",
	"timeConf.tzGlace_Bay":"AST / Glace_Bay / Atlantic Standard Time",
	"timeConf.tzGlace_BaySummer":"ADT / Glace_Bay / Atlantic Daylight Saving Time",
	"timeConf.tzGoose_Bay":"AST / Goose_Bay / Atlantic Standard Time",
	"timeConf.tzGoose_BaySummer":"ADT / Goose_Bay / Atlantic Daylight Saving Time",
	"timeConf.tzGrenada":"AST / Grenada / Atlantic Standard Time",
	"timeConf.tzGuadeloupe":"AST / Guadeloupe / Atlantic Standard Time",
	"timeConf.tzHalifax":"AST / Halifax / Atlantic Standard Time",
	"timeConf.tzHalifaxSummer":"ADT / Halifax / Atlantic Daylight Saving Time",
	"timeConf.tzMarigot":"AST / Marigot / Atlantic Standard Time",
	"timeConf.tzMartinique":"AST / Martinique / Atlantic Standard Time",
	"timeConf.tzMoncton":"AST / Moncton / Atlantic Standard Time",
	"timeConf.tzMonctonSummer":"ADT / Moncton / Atlantic Daylight Saving Time",
	"timeConf.tzMontserrat":"AST / Montserrat / Atlantic Standard Time",
	"timeConf.tzPuerto_Rico":"AST / Puerto_Rico / Atlantic Standard Time",
	"timeConf.tzSt_Kitts":"AST / St_Kitts / Atlantic Standard Time",
	"timeConf.tzSt_Lucia":"AST / St_Lucia / Atlantic Standard Time",
	"timeConf.tzSt_Thomas":"AST / St_Thomas / Atlantic Standard Time",
	"timeConf.tzSt_Vincent":"AST / St_Vincent / Atlantic Standard Time",
	"timeConf.tzThule":"AST / Thule / Atlantic Standard Time",
	"timeConf.tzThuleSummer":"ADT / Thule / Atlantic Daylight Saving Time",
	"timeConf.tzTortola":"AST / Tortola / Atlantic Standard Time",
	"timeConf.tzLa_Paz":"BOT / La_Paz / Bolivia Time",
	"timeConf.tzSantiago":"CLT / Santiago / Chile time",
	"timeConf.tzSantiagoSummer":"CLST / Santiago / Chile Daylight Saving Time",
	"timeConf.tzGuyana":"GYT / Guyana / Guyana Time",
	"timeConf.tzAsuncion":"PYT / Asuncion / Paraguay time",
	"timeConf.tzAsuncionSummer":"PYST / Asuncion / Paraguay Daylight Saving Time",
	"timeConf.tzSt_Johns":"NST / St_Johns / Newfoundland Time",
	"timeConf.tzSt_JohnsSummer":"NDT / St_Johns / Newfoundland Daylight Saving Time",
	"timeConf.tzBuenos_Aires":"ART / Buenos_Aires / Argentina time",
	"timeConf.tzCatamarca":"ART / Catamarca / Argentina time",
	"timeConf.tzCordoba":"ART / Cordoba / Argentina time",
	"timeConf.tzJujuy":"ART / Jujuy / Argentina time",
	"timeConf.tzMendoza":"ART / Mendoza / Argentina time",
	"timeConf.tzAraguaina":"BRT / Araguaina / Brasilia Time",
	"timeConf.tzBahia":"BRT / Bahia / Brasilia Time",
	"timeConf.tzBelem":"BRT / Belem / Brasilia Time",
	"timeConf.tzFortaleza":"BRT / Fortaleza / Brasilia Time",
	"timeConf.tzMaceio":"BRT / Maceio / Brasilia Time",
	"timeConf.tzRecife":"BRT / Recife / Brasilia Time",
	"timeConf.tzSantarem":"BRT / Santarem / Brasilia Time",
	"timeConf.tzSao_Paulo":"BRT / Sao_Paulo / Brasilia Time",
	"timeConf.tzSao_PauloSummer":"BRST / Sao_Paulo / Brasilia Daylight Saving Time",
	"timeConf.tzCayenne":"GFT / Cayenne / French Guiana Time",
	"timeConf.tzMiquelon":"PMST / Miquelon / Saint Pierre Miquelon Standard Time",
	"timeConf.tzMiquelonSummer":"PMDT / Miquelon / Saint Pierre Miquelon Daylight Saving Time",
	"timeConf.tzParamaribo":"SRT / Paramaribo / Suriname Time",
	"timeConf.tzMontevido":"UYT / Montevido / Uruguay time",
	"timeConf.tzMontevidoSummer":"UYST / Montevido / Uruguay Daylight Saving Time",
	"timeConf.tzGodthab":"WGT / Godthab / West Greenland Time",
	"timeConf.tzGodthabSummer":"WGST / Godthab / West Greenland Daylight Saving Time",
	"timeConf.tzNoronha":"FNT / Noronha / Fernando de Noronha Time",
	"timeConf.tzScoresbysund":"EGT / Scoresbysund / East Greenland Time",
	"timeConf.tzScoresbysundSummer":"EGST / Scoresbysund / East Greenland Daylight Saving Time",
	"timeConf.tzDanmarkshavn":"GMT / Danmarkshavn / Greenwich Mean Time",

	"timeConf.tzPalmerStation":"CLT / Palmer Station / Chile time",
	"timeConf.tzPalmerStationSummer":"CLST / Palmer Station / Chile Daylight Saving Time",
	"timeConf.tzRotheraResearchStation":"ROTT / Rothera Research Station / Rosella Time",
	"timeConf.tzShowaStation":"SYOT / Showa Station / Showa Time",
	"timeConf.tzMawsonStation":"MAWT / Mawson Station / Mawson Time",
	"timeConf.tzVostokStation":"VOST / Vostok Station / Vostok Time",
	"timeConf.tzDavisStation":"DAVT / Davis Station / Davis Time",
	"timeConf.tzCaseyStation":"AWST / Casey Station / Australia West Standard Time",
	"timeConf.tzMcMurdoStation":"NZST / McMurdo Station / New Zealand Standard Time",
	"timeConf.tzMcMurdoStationSummer":"NZDT / McMurdo Station / New Zealand Daylight Saving Time",

	"timeConf.tzLongyearbyen":"CET / Longyearbyen / Central European Time",
	"timeConf.tzLongyearbyenSummer":"CEST / Longyearbyen / Central European Summer Time",

	"timeConf.tzAmman":"EET / Amman / Eastern European Time",
	"timeConf.tzAmmanSummer":"EEST / Amman / Eastern European Daylight Saving Time",
	"timeConf.tzBeirut":"EET / Beirut / Eastern European Time",
	"timeConf.tzBeirutSummer":"EEST / Beirut / Eastern European Daylight Saving Time",
	"timeConf.tzDamascus":"EET / Damascus / Eastern European Time",
	"timeConf.tzDamascusSummer":"EEST / Damascus / Eastern European Daylight Saving Time",
	"timeConf.tzGaza":"EET / Gaza / Eastern European Time",
	"timeConf.tzNicosia":"EET / Nicosia / Eastern European Time",
	"timeConf.tzNicosiaSummer":"EEST / Nicosia / Eastern European Daylight Saving Time",
	"timeConf.tzJerusalem":"IST / Jerusalem / Israel Standard Time",
	"timeConf.tzAden":"AST / Aden / Arabic Standard Time",
	"timeConf.tzBaghdad":"AST / Baghdad / Arabic Standard Time",
	"timeConf.tzBahrain":"AST / Bahrain / Arabic Standard Time",
	"timeConf.tzKuwait":"AST / Kuwait / Arabic Standard Time",
	"timeConf.tzQatar":"AST / Qatar / Arabic Standard Time",
	"timeConf.tzRiyadh":"AST / Riyadh / Arabic Standard Time",
	"timeConf.tzTehran":"IRST / Tehran / Iran Standard Time",
	"timeConf.tzYerevan":"AMT / Yerevan / Armenia time",
	"timeConf.tzYerevanSummer":"AMST / Yerevan / Armenian Daylight Saving Time",
	"timeConf.tzBaku":"AZT / Baku / Azerbaijan time",
	"timeConf.tzBakuSummer":"AZST / Baku / Azerbaijan Daylight Saving Time",
	"timeConf.tzTbilisi":"GET / Tbilisi / Georgian time",
	"timeConf.tzDubai":"GST / Dubai / (Persian) Gulf Standard Time",
	"timeConf.tzMuscat":"GST / Muscat / (Persian) Gulf Standard Time",
	"timeConf.tzKabul":"AFT / Kabul / Afghanistan time",
	"timeConf.tzKarachi":"PKT / Karachi / Pakistan Time",
	"timeConf.tzDushanbe":"TJT / Dushanbe / Tajikistan time",
	"timeConf.tzAshgabat":"TMT / Ashgabat / Turkmenian time",
	"timeConf.tzSamarkand":"UZT / Samarkand / Uzbekistan time",
	"timeConf.tzTashkent":"UZT / Tashkent / Uzbekistan time",
	"timeConf.tzAqtau":"WKST / Aqtau / West Kazakhstan Standard Time",
	"timeConf.tzAqtobe":"WKST / Aqtobe / West Kazakhstan Standard Time",
	"timeConf.tzOral":"WKST / Oral / West Kazakhstan Standard Time",
	"timeConf.tzYekaterinbufg":"YEKT / Yekaterinbufg / Yekaterinburg time",
	"timeConf.tzYekaterinbufgSummer":"YEKST / Yekaterinbufg / Yekaterinburg Daylight Saving Time",
	"timeConf.tzCalcutta":"IST / Calcutta / India Standard Time",
	"timeConf.tzColombo":"IST / Colombo / India Standard Time",
	"timeConf.tzKatmandu":"NPT / Katmandu / Nepal Time",
	"timeConf.tzDhaka":"BDT / Dhaka / Bangladesh Time",
	"timeConf.tzThimphu":"BTT / Thimphu / Bhutan Time",
	"timeConf.tzAlmaty":"EKST / Almaty / East Kazakhstan Standard Time",
	"timeConf.tzQyzylorda":"EKST / Qyzylorda / East Kazakhstan Standard Time",
	"timeConf.tzBishkek":"KGT / Bishkek / Kyrgyz Time",
	"timeConf.tzNovosibirsk":"NOVT / Novosibirsk / Novosibilux time",
	"timeConf.tzNovosibirskSummer":"NOVST / Novosibirsk / Novosibirks Daylight Saving Time",
	"timeConf.tzOmsk":"OMST / Omsk / Omsk time",
	"timeConf.tzOmskSummer":"OMSST / Omsk / Omsk Daylight Saving Time",
	"timeConf.tzRangoon":"MMT / Rangoon / Myanmar time",
	"timeConf.tzHovd":"HOVT / Hovd / Hovd Time",
	"timeConf.tzBangkok":"ICT / Bangkok / Indochina Time",
	"timeConf.tzPhnom_Penh":"ICT / Phnom_Penh / Indochina Time",
	"timeConf.tzSaigon":"ICT / Saigon / Indochina Time",
	"timeConf.tzVientiane":"ICT / Vientiane / Indochina Time",
	"timeConf.tzKrasnoyarsk":"KRAT / Krasnoyarsk / Krasnoyarsk time",
	"timeConf.tzKrasnoyarskSummer":"KRAST / Krasnoyarsk / Krasnoyarsk Daylight Saving Time",
	"timeConf.tzJakarta":"WIT / Jakarta / West Indonesia Time",
	"timeConf.tzPontianak":"WIT / Pontianak / West Indonesia Time",
	"timeConf.tzBrunei":"BNT / Brunei / Brunei Darussalam Time",
	"timeConf.tzChoibalsan":"CHOT / Choibalsan / Choibalsan Time",
	"timeConf.tzMakassar":"CIT / Makassar / Central Indonesia Time",
	"timeConf.tzBeijing":"CST / Beijing / China Standard Time",
	"timeConf.tzChongqing":"CST / Chongqing / China Standard Time",
	"timeConf.tzHarbin":"CST / Harbin / China Standard Time",
	"timeConf.tzKashgar":"CST / Kashgar / China Standard Time",
	"timeConf.tzMacau":"CST / Macau / China Standard Time",
	"timeConf.tzShanghai":"CST / Shanghai / China Standard Time",
	"timeConf.tzTaipei":"CST / Taipei / Taipei Standard Time",
	"timeConf.tzUrumqi":"CST / Urumqi / China Standard Time",
	"timeConf.tzHong_Kong":"HKT / Hong_Kong / Hong Kong Time",
	"timeConf.tzIrkutsk":"IRKT / Irkutsk / Irkutsk time",
	"timeConf.tzIrkutskSummer":"IRKST / Irkutsk / Irkutsk Daylight Saving Time",
	"timeConf.tzKuala_Lumpur":"MYT / Kuala_Lumpur / Malaysia time",
	"timeConf.tzKuching":"MYT / Kuching / Malaysia time",
	"timeConf.tzManila":"PHT / Manila / Philippines time",
	"timeConf.tzSingapore":"SGT / Singapore / Singapore Standard Time",
	"timeConf.tzUlaanbaatar":"ULAT / Ulaanbaatar / Ulaanbaatar time",
	"timeConf.tzJayapura":"EIT / Jayapura / East Indonesia Time",
	"timeConf.tzOsaka":"JST / Osaka / Japan standard time",
	"timeConf.tzSapporo":"JST / Sapporo / Japan standard time",
	"timeConf.tzTokyo":"JST / Tokyo / Japan standard time",
	"timeConf.tzPyongyang":"KST / Pyongyang / Korea Standard Time",
	"timeConf.tzSeoul":"KST / Seoul / Korea Standard Time",
	"timeConf.tzDili":"TLT / Dili / East Timor Time",
	"timeConf.tzYakutsk":"YAKT / Yakutsk / Yakutsk time",
	"timeConf.tzYakutskSummer":"YAKST / Yakutsk / Yakutsk Daylight Saving Time",
	"timeConf.tzSakhalin":"SAKT / Sakhalin / Sakhalin time",
	"timeConf.tzSakhalinSummer":"SAKST / Sakhalin / Sakhalin Daylight Saving Time",
	"timeConf.tzVladivostok":"VLAT / Vladivostok / Vladivostok time",
	"timeConf.tzVladivostokSummer":"VLAST / Vladivostok / Vladivostok Daylight Saving Time",
	"timeConf.tzAnadyr":"MAGT / Anadyr / Magadan Time",
	"timeConf.tzAnadyrSummer":"MAGST / Anadyr / Magadan Daylight Saving Time",
	"timeConf.tzKamchatka":"MAGT / Kamchatka / Magadan Time",
	"timeConf.tzKamchatkaSummer":"MAGST / Kamchatka / Magadan Daylight Saving Time",
	"timeConf.tzMagadan":"MAGT / Magadan / Magadan Time",
	"timeConf.tzMagadanSummer":"MAGST / Magadan / Magadan Daylight Saving Time",

	"timeConf.tzBermuda":"AST / Bermuda / Atlantic Standard Time",
	"timeConf.tzBermudaSummer":"ADT / Bermuda / Atlantic Daylight Time",
	"timeConf.tzStanley":"FKT / Stanley / Falkland islands time",
	"timeConf.tzStanleySummer":"FSKT / Stanley / Falkland Islands Daylight Time",
	"timeConf.tzAzores":"AZOT / Azores / Azores time",
	"timeConf.tzAzoresSummer":"AZOST / Azores / Azores Daylight Time",
	"timeConf.tzCape_Verde":"CVT / Cape_Verde / Cape_Verde Time",
	"timeConf.tzReykjavik":"GMT / Reykjavik / Greenwich Mean Time",
	"timeConf.tzSt_Helena":"GMT / St_Helena / Greenwich Mean Time",
	"timeConf.tzCanary":"WET / Canary / Western European time",
	"timeConf.tzCanarySummer":"WEST / Canary / Western European Summer Time",
	"timeConf.tzFaeroe":"WET / Faeroe / Western European time",
	"timeConf.tzFaeroeSummer":"WEST / Faeroe / Western European Summer Time",
	"timeConf.tzMadeira":"WET / Madeira / Western European time",
	"timeConf.tzMadeiraSummer":"WEST / Madeira / Western European Summer Time",

	"timeConf.tzPerth":"AWST / Perth / Australia West Standard Time",
	"timeConf.tzEucla":"ACWST / Eucla / Australian Midwest Standard Time",
	"timeConf.tzAdelaide":"ACST / Adelaide / Australia Central Standard Time",
	"timeConf.tzAdelaideSummer":"ACDT / Adelaide / Australia Central Daylight Time",
	"timeConf.tzDarwin":"ACST / Darwin / Australia Central Standard Time",
	"timeConf.tzBrisbane":"AEST / Brisbane / Australian Eastern Standard Time",
	"timeConf.tzCurrie":"AEST / Currie / Australian Eastern Standard Time",
	"timeConf.tzCurrieSummer":"AEDT / Currie / Australian Eastern Daylight Time",
	"timeConf.tzHobart":"AEST / Hobart / Australian Eastern Standard Time",
	"timeConf.tzHobartSummer":"AEDT / Hobart / Australian Eastern Daylight Time",
	"timeConf.tzLindeman":"AEST / Lindeman / Australian Eastern Standard Time",
	"timeConf.tzMelbourne":"AEST / Melbourne / Australian Eastern Standard Time",
	"timeConf.tzMelbourneSummer":"AEDT / Melbourne / Australian Eastern Daylight Time",
	"timeConf.tzSydney":"AEST / Sydney / Australian Eastern Standard Time",
	"timeConf.tzSydneySummer":"AEDT / Sydney / Australian Eastern Daylight Time",
	"timeConf.tzLord_Howe":"LHST / Lord_Howe / Lord Howe Standard Time",
	"timeConf.tzLord_HoweSummer":"LHDT / Lord_Howe / Lord Howe Daylight Saving Time",

	"timeConf.tzDublin":"GMT / Dublin / Greenwich Mean Time",
	"timeConf.tzGuernsey":"GMT / Guernsey / Greenwich Mean Time",
	"timeConf.tzIsle_of_Man":"GMT / Isle_of_Man / Greenwich Mean Time",
	"timeConf.tzJersey":"GMT / Jersey / Greenwich Mean Time",
	"timeConf.tzLondon":"GMT / London / Greenwich Mean Time",
	"timeConf.tzLisbon":"WET / Lisbon / Western European Time",
	"timeConf.tzLisbonSummer":"WEST / Lisbon / Western European Summer Time",
	"timeConf.tzAmsterdam":"CET / Amsterdam / Central European Time",
	"timeConf.tzAmsterdamSummer":"CEST / Amsterdam / Central European Summer Time",
	"timeConf.tzAndorra":"CET / Andorra / Central European Time",
	"timeConf.tzAndorraSummer":"CEST / Andorra / Central European Summer Time",
	"timeConf.tzBelgrade":"CET / Belgrade / Central European Time",
	"timeConf.tzBelgradeSummer":"CEST / Belgrade / Central European Summer Time",
	"timeConf.tzBerlin":"CET / Berlin / Central European Time",
	"timeConf.tzBerlinSummer":"CEST / Berlin / Central European Summer Time",
	"timeConf.tzBratislava":"CET / Bratislava / Central European Time",
	"timeConf.tzBratislavaSummer":"CEST / Bratislava / Central European Summer Time",
	"timeConf.tzBrussels":"CET / Brussels / Central European Time",
	"timeConf.tzBrusselsSummer":"CEST / Brussels / Central European Summer Time",
	"timeConf.tzBudapest":"CET / Budapest / Central European Time",
	"timeConf.tzBudapestSummer":"CEST / Budapest / Central European Summer Time",
	"timeConf.tzCopenhagen":"CET / Copenhagen / Central European Time",
	"timeConf.tzCopenhagenSummer":"CEST / Copenhagen / Central European Summer Time",
	"timeConf.tzGibraltar":"CET / Gibraltar / Central European Time",
	"timeConf.tzGibraltarSummer":"CEST / Gibraltar / Central European Summer Time",
	"timeConf.tzLjubljana":"CET / Ljubljana / Central European Time",
	"timeConf.tzLjubljanaSummer":"CEST / Ljubljana / Central European Summer Time",
	"timeConf.tzLuxembourg":"CET / Luxembourg / Central European Time",
	"timeConf.tzLuxembourgSummer":"CEST / Luxembourg / Central European Summer Time",
	"timeConf.tzMadrid":"CET / Madrid / Central European Time",
	"timeConf.tzMadridSummer":"CEST / Madrid / Central European Summer Time",
	"timeConf.tzMalta":"CET / Malta / Central European Time",
	"timeConf.tzMaltaSummer":"CEST / Malta / Central European Summer Time",
	"timeConf.tzMonaco":"CET / Monaco / Central European Time",
	"timeConf.tzMonacoSummer":"CEST / Monaco / Central European Summer Time",
	"timeConf.tzOslo":"CET / Oslo / Central European Time",
	"timeConf.tzOsloSummer":"CEST / Oslo / Central European Summer Time",
	"timeConf.tzParis":"CET / Paris / Central European Time",
	"timeConf.tzParisSummer":"CEST / Paris / Central European Summer Time",
	"timeConf.tzPodgorica":"CET / Podgorica / Central European Time",
	"timeConf.tzPodgoricaSummer":"CEST / Podgorica / Central European Summer Time",
	"timeConf.tzPrague":"CET / Prague / Central European Time",
	"timeConf.tzPragueSummer":"CEST / Prague / Central European Summer Time",
	"timeConf.tzRome":"CET / Rome / Central European Time",
	"timeConf.tzRomeSummer":"CEST / Rome / Central European Summer Time",
	"timeConf.tzSan_Marino":"CET / San_Marino / Central European Time",
	"timeConf.tzSan_MarinoSummer":"CEST / San_Marino / Central European Summer Time",
	"timeConf.tzSarajevo":"CET / Sarajevo / Central European Time",
	"timeConf.tzSarajevoSummer":"CEST / Sarajevo / Central European Summer Time",
	"timeConf.tzSkopje":"CET / Skopje / Central European Time",
	"timeConf.tzSkopjeSummer":"CEST / Skopje / Central European Summer Time",
	"timeConf.tzStockholm":"CET / Stockholm / Central European Time",
	"timeConf.tzStockholmSummer":"CEST / Stockholm / Central European Summer Time",
	"timeConf.tzTirane":"CET / Tirane / Central European Time",
	"timeConf.tzTiraneSummer":"CEST / Tirane / Central European Summer Time",
	"timeConf.tzVaduz":"CET / Vaduz / Central European Time",
	"timeConf.tzVaduzSummer":"CEST / Vaduz / Central European Summer Time",
	"timeConf.tzVatican":"CET / Vatican / Central European Time",
	"timeConf.tzVaticanSummer":"CEST / Vatican / Central European Summer Time",
	"timeConf.tzVienna":"CET / Vienna / Central European Time",
	"timeConf.tzViennaSummer":"CEST / Vienna / Central European Summer Time",
	"timeConf.tzWarsaw":"CET / Warsaw / Central European Time",
	"timeConf.tzWarsawSummer":"CEST / Warsaw / Central European Summer Time",
	"timeConf.tzZagreb":"CET / Zagreb / Central European Time",
	"timeConf.tzZagrebSummer":"CEST / Zagreb / Central European Summer Time",
	"timeConf.tzZurich":"CET / Zurich / Central European Time",
	"timeConf.tzZurichSummer":"CEST / Zurich / Central European Summer Time",
	"timeConf.tzAthens":"EET / Athens / Eastern European Time",
	"timeConf.tzAthensSummer":"EEST / Athens / Eastern European Daylight Saving Time",
	"timeConf.tzBucharest":"EET / Bucharest / Eastern European Time",
	"timeConf.tzBucharestSummer":"EEST / Bucharest / Eastern European Daylight Saving Time",
	"timeConf.tzChisinau":"EET / Chisinau / Eastern European Time",
	"timeConf.tzChisinauSummer":"EEST / Chisinau / Eastern European Daylight Saving Time",
	"timeConf.tzHelsinki":"EET / Helsinki / Eastern European Time",
	"timeConf.tzHelsinkiSummer":"EEST / Helsinki / Eastern European Daylight Saving Time",
	"timeConf.tzIstanbul":"EET / Istanbul / Eastern European Time",
	"timeConf.tzIstanbulSummer":"EEST / Istanbul / Eastern European Daylight Saving Time",
	"timeConf.tzKaliningrad":"EET / Kaliningrad / Eastern European Time",
	"timeConf.tzKaliningradSummer":"EEST / Kaliningrad / Eastern European Daylight Saving Time",
	"timeConf.tzKiev":"EET / Kiev / Eastern European Time",
	"timeConf.tzKievSummer":"EEST / Kiev / Eastern European Daylight Saving Time",
	"timeConf.tzMariehamn":"EET / Mariehamn / Eastern European Time",
	"timeConf.tzMariehamnSummer":"EEST / Mariehamn / Eastern European Daylight Saving Time",
	"timeConf.tzMinsk":"EET / Minsk / Eastern European Time",
	"timeConf.tzMinskSummer":"EEST / Minsk / Eastern European Daylight Saving Time",
	"timeConf.tzRiga":"EET / Riga / Eastern European Time",
	"timeConf.tzRigaSummer":"EEST / Riga / Eastern European Daylight Saving Time",
	"timeConf.tzSimferopol":"EET / Simferopol / Eastern European Time",
	"timeConf.tzSimferopolSummer":"EEST / Simferopol / Eastern European Daylight Saving Time",
	"timeConf.tzSofia":"EET / Sofia / Eastern European Time",
	"timeConf.tzSofiaSummer":"EEST / Sofia / Eastern European Daylight Saving Time",
	"timeConf.tzTallinn":"EET / Tallinn / Eastern European Time",
	"timeConf.tzTallinnSummer":"EEST / Tallinn / Eastern European Daylight Saving Time",
	"timeConf.tzUzhgorod":"EET / Uzhgorod / Eastern European Time",
	"timeConf.tzUzhgorodSummer":"EEST / Uzhgorod / Eastern European Daylight Saving Time",
	"timeConf.tzVilnius":"EET / Vilnius / Eastern European Time",
	"timeConf.tzVilniusSummer":"EEST / Vilnius / Eastern European Daylight Saving Time",
	"timeConf.tzZaporozhye":"EET / Zaporozhye / Eastern European Time",
	"timeConf.tzZaporozhyeSummer":"EEST / Zaporozhye / Eastern European Daylight Saving Time",
	"timeConf.tzMoscow":"MSK / Moscow / Moscow Standard Time",
	"timeConf.tzMoscowSummer":"MSKS / Moscow / Moscow Daylight Saving Time",
	"timeConf.tzSamara":"MSK / Samara / Moscow Standard Time",
	"timeConf.tzSamaraSummer":"MSKS / Samara / Moscow Daylight Saving Time",
	"timeConf.tzVolgograd":"VOLT / Volgograd / Volgograd time",
	"timeConf.tzVolgogradSummer":"VOLST / Volgograd / Volgograd Daylight Saving Time",

	"timeConf.tzAntananarivo":"EAT / Antananarivo / East africa time",
	"timeConf.tzComoro":"EAT / Comoro / East africa time",
	"timeConf.tzMayotte":"EAT / Mayotte / East africa time",
	"timeConf.tzMauritius":"MUT / Mauritius / Mauritius time",
	"timeConf.tzReunion":"RET / Reunion / Reunion time",
	"timeConf.tzMahe":"SCT / Mahe / Seychelles time",
	"timeConf.tzMaldives":"MVT / Maldives / Maldives time",
	"timeConf.tzKerguelen":"TFT / Kerguelen / French South Territory Time",
	"timeConf.tzChagos":"IOT / Chagos / Indian Ocean Time",
	"timeConf.tzCocos":"CCT / Cocos / Cocos island time",
	"timeConf.tzChristmas":"CXT / Christmas / Christmas island time",

	"timeConf.tzNiue":"NUT / Niue / Niue Time",
	"timeConf.tzApia":"SST / Apia / Samoa Standard Time",
	"timeConf.tzMidway":"SST / Midway / Samoa Standard Time",
	"timeConf.tzPago_pago":"SST / Pago_pago / Samoa Standard Time",
	"timeConf.tzRarotonga":"CKT / Rarotonga / Cook Islands Time",
	"timeConf.tzHonolulu":"HST / Honolulu / Hawaii Aleutian Standard Time",
	"timeConf.tzJohnston":"HST / Johnston / Hawaii Aleutian Standard Time",
	"timeConf.tzTahiti":"TAHT / Tahiti / Tahiti Time",
	"timeConf.tzFakaofo":"TKT / Fakaofo / Tokelau Time",
	"timeConf.tzMarquesas":"MART / Marquesas / Marquise Time",
	"timeConf.tzGambier":"GAMT / Gambier / Gambia time",
	"timeConf.tzPitcairn":"PNT / Pitcairn / Pitcairn Time",
	"timeConf.tzEaster":"EAST / Easter / Easter Island Time",
	"timeConf.tzEasterSummer":"EASST / Easter / Easter Island Daylight Saving Time",
	"timeConf.tzGalapagos":"GALT / Galapagos / Galapagos Time",
	"timeConf.tzPalau":"PWT / Palau / Palau Time",
	"timeConf.tzGuam":"CHST / Guam / Chamorro Standard Time",
	"timeConf.tzSaipan":"CHST / Saipan / Chamorro Standard Time",
	"timeConf.tzTruk":"CHUT / Truk / Chuuk Time",
	"timeConf.tzPort_Moresby":"PGT / Port_Moresby / Papua New Guinea Time",
	"timeConf.tzKosrae":"KOST / Kosrae / Kosrae Time",
	"timeConf.tzNoumea":"NCT / Noumea / New Caledonia Time",
	"timeConf.tzPonape":"PONT / Ponape / Pompeii (Ponape) time",
	"timeConf.tzGuadalcanal":"SBT / Guadalcanal / Solomon Islands Time",
	"timeConf.tzEfate":"VUT / Efate / Vanuatu Time",
	"timeConf.tzNorfolk":"NFT / Norfolk / Norfolk Islands Time",
	"timeConf.tzFiji":"FJT / Fiji / Fiji Time",
	"timeConf.tzTarawa":"GILT / Tarawa / Gilbert Islands Time",
	"timeConf.tzKwajalein":"MHT / Kwajalein / Marshall Islands Time",
	"timeConf.tzMajuro":"MHT / Majuro / Marshall Islands Time",
	"timeConf.tzNauru":"NRT / Nauru / Nauru Time",
	"timeConf.tzAuckland":"NZST / Auckland / New Zealand Standard Time",
	"timeConf.tzAucklandSummer":"NZDT / Auckland / New Zealand Daylight Saving Time",
	"timeConf.tzFunafuti":"TVT / Funafuti / Tuvalu Time",
	"timeConf.tzWake":"WAKT / Wake / Wake Island Time",
	"timeConf.tzWallis":"WFT / Wallis / Wallis and Futuna Time",
	"timeConf.tzEnderbury":"PHOT / Enderbury / Phoenix Islands Time",
	"timeConf.tzTongatapu":"TOT / Tongatapu / Tonga Time",
	"timeConf.tzKiritimati":"LINT / Kiritimati / Line Islands Time",

	"timeConf.tzGMTm1200":"GMT-12:00",
	"timeConf.tzGMTm1100":"GMT-11:00",
	"timeConf.tzGMTm1000":"GMT-10:00",
	"timeConf.tzGMTm0930":"GMT-9:30",
	"timeConf.tzGMTm0900":"GMT-9:00",
	"timeConf.tzGMTm0800":"GMT-8:00",
	"timeConf.tzGMTm0700":"GMT-7:00",
	"timeConf.tzGMTm0600":"GMT-6:00",
	"timeConf.tzGMTm0500":"GMT-5:00",
	"timeConf.tzGMTm0400":"GMT-4:00",
	"timeConf.tzGMTm0330":"GMT-3:30",
	"timeConf.tzGMTm0300":"GMT-3:00",
	"timeConf.tzGMTm0200":"GMT-2:00",
	"timeConf.tzGMTm0100":"GMT-1:00",
	"timeConf.tzGMTp0000":"GMT",
	"timeConf.tzGMTp0100":"GMT+1:00",
	"timeConf.tzGMTp0200":"GMT+2:00",
	"timeConf.tzGMTp0300":"GMT+3:00",
	"timeConf.tzGMTp0330":"GMT+3:30",
	"timeConf.tzGMTp0400":"GMT+4:00",
	"timeConf.tzGMTp0430":"GMT+4:30",
	"timeConf.tzGMTp0500":"GMT+5:00",
	"timeConf.tzGMTp0530":"GMT+5:30",
	"timeConf.tzGMTp0545":"GMT+5:45",
	"timeConf.tzGMTp0600":"GMT+6:00",
	"timeConf.tzGMTp0630":"GMT+6:30",
	"timeConf.tzGMTp0700":"GMT+7:00",
	"timeConf.tzGMTp0800":"GMT+8:00",
	"timeConf.tzGMTp0830":"GMT+8:30",
	"timeConf.tzGMTp0845":"GMT+8:45",
	"timeConf.tzGMTp0900":"GMT+9:00",
	"timeConf.tzGMTp0930":"GMT+9:30",
	"timeConf.tzGMTp1000":"GMT+10:00",
	"timeConf.tzGMTp1030":"GMT+10:30",
	"timeConf.tzGMTp1100":"GMT+11:00",
	"timeConf.tzGMTp1200":"GMT+12:00",
	"timeConf.tzGMTp1245":"GMT+12:45",
	"timeConf.tzGMTp1300":"GMT+13:00",
	"timeConf.tzGMTp1400":"GMT+14:00"

}
